Generation: 1,"Parent_1: (spectral_jackrabbit, 6)","Parent_2: (celadon_caterpillar, 5)",New_Individual: notorious_wren
Generation: 1,"Parent_1: (spectral_jackrabbit, 6)","Parent_2: (giga_galago, 7)",New_Individual: invisible_rooster
Generation: 1,"Parent_1: (giga_galago, 2)","Parent_2: (spectral_jackrabbit, 6)",New_Individual: mega_porcupine
Generation: 1,"Parent_1: (spectral_jackrabbit, 6)","Parent_2: (celadon_caterpillar, 6)",New_Individual: granite_narwhal
Generation: 1,"Parent_1: (celadon_caterpillar, 1)","Parent_2: (spectral_jackrabbit, 10)",New_Individual: bronze_kittiwake
Generation: 1,"Parent_1: (spectral_jackrabbit, 6)","Parent_2: (giga_galago, 3)",New_Individual: fresh_bulldog
Generation: 1,"Parent_1: (spectral_jackrabbit, 6)","Parent_2: (celadon_caterpillar, 3)",New_Individual: alluring_dormouse
Generation: 1,"Parent_1: (spectral_jackrabbit, 10)","Parent_2: (celadon_caterpillar, 4)",New_Individual: crimson_narwhal
Generation: 1,"Parent_1: (spectral_jackrabbit, 5)","Parent_2: (celadon_caterpillar, 6)",New_Individual: coral_angelfish
Generation: 1,"Parent_1: (giga_galago, 6)","Parent_2: (spectral_jackrabbit, 6)",New_Individual: speedy_horse
Generation: 1,"Parent_1: (giga_galago, 2)","Parent_2: (spectral_jackrabbit, 7)",New_Individual: vivacious_tuatara
Generation: 1,"Parent_1: (spectral_jackrabbit, 8)","Parent_2: (giga_galago, 5)",New_Individual: daffodil_bird
Generation: 1,"Parent_1: (giga_galago, 1)","Parent_2: (spectral_jackrabbit, 10)",New_Individual: charcoal_chinchilla
Generation: 1,"Parent_1: (giga_galago, 2)","Parent_2: (spectral_jackrabbit, 9)",New_Individual: psychedelic_goat
Generation: 1,"Parent_1: (spectral_jackrabbit, 6)","Parent_2: (giga_galago, 7)",New_Individual: handsome_beluga
Generation: 1,"Parent_1: (celadon_caterpillar, 1)","Parent_2: (giga_galago, 2)",New_Individual: fractal_rottweiler
Generation: 1,"Parent_1: (giga_galago, 4)","Parent_2: (celadon_caterpillar, 5)",New_Individual: bulky_pig
Generation: 1,"Parent_1: (spectral_jackrabbit, 8)","Parent_2: (giga_galago, 5)",New_Individual: incredible_falcon
Generation: 1,"Parent_1: (spectral_jackrabbit, 10)","Parent_2: (giga_galago, 6)",New_Individual: maroon_fulmar
Generation: 1,"Parent_1: (spectral_jackrabbit, 6)","Parent_2: (giga_galago, 4)",New_Individual: marvellous_jackal
Generation: 2,"Parent_1: (fresh_bulldog, 11)","Parent_2: (maroon_fulmar, 10)",New_Individual: hospitable_spider
Generation: 2,"Parent_1: (daffodil_bird, 6)","Parent_2: (maroon_fulmar, 8)",New_Individual: tireless_oryx
Generation: 2,"Parent_1: (fresh_bulldog, 11)","Parent_2: (invisible_rooster, 6)",New_Individual: diligent_husky
Generation: 2,"Parent_1: (maroon_fulmar, 6)","Parent_2: (fresh_bulldog, 7)",New_Individual: teal_dragonfly
Generation: 2,"Parent_1: (invisible_rooster, 7)","Parent_2: (fresh_bulldog, 10)",New_Individual: pragmatic_squid
Generation: 2,"Parent_1: (daffodil_bird, 6)","Parent_2: (maroon_fulmar, 9)",New_Individual: viridian_chupacabra
Generation: 2,"Parent_1: (fresh_bulldog, 9)","Parent_2: (maroon_fulmar, 7)",New_Individual: judicious_swift
Generation: 2,"Parent_1: (invisible_rooster, 7)","Parent_2: (maroon_fulmar, 10)",New_Individual: cute_hyrax
Generation: 2,"Parent_1: (fresh_bulldog, 8)","Parent_2: (maroon_fulmar, 6)",New_Individual: truthful_snake
Generation: 2,"Parent_1: (fresh_bulldog, 7)","Parent_2: (maroon_fulmar, 8)",New_Individual: manipulative_beluga
Generation: 2,"Parent_1: (fresh_bulldog, 6)","Parent_2: (daffodil_bird, 6)",New_Individual: nocturnal_earwig
Generation: 2,"Parent_1: (maroon_fulmar, 5)","Parent_2: (daffodil_bird, 8)",New_Individual: radiant_agouti
Generation: 2,"Parent_1: (fresh_bulldog, 11)","Parent_2: (maroon_fulmar, 9)",New_Individual: obedient_frog
Generation: 2,"Parent_1: (fresh_bulldog, 9)","Parent_2: (maroon_fulmar, 8)",New_Individual: crouching_capuchin
Generation: 2,"Parent_1: (daffodil_bird, 5)","Parent_2: (fresh_bulldog, 7)",New_Individual: loyal_pillbug
Generation: 2,"Parent_1: (daffodil_bird, 9)","Parent_2: (fresh_bulldog, 10)",New_Individual: tacky_toucan
Generation: 2,"Parent_1: (fresh_bulldog, 11)","Parent_2: (maroon_fulmar, 6)",New_Individual: massive_earthworm
Generation: 2,"Parent_1: (maroon_fulmar, 5)","Parent_2: (fresh_bulldog, 11)",New_Individual: olive_tanuki
Generation: 2,"Parent_1: (fresh_bulldog, 8)","Parent_2: (maroon_fulmar, 9)",New_Individual: nimble_sheep
Generation: 2,"Parent_1: (invisible_rooster, 5)","Parent_2: (fresh_bulldog, 7)",New_Individual: chestnut_angelfish
Generation: 3,"Parent_1: (viridian_chupacabra, 6)","Parent_2: (manipulative_beluga, 5)",New_Individual: versatile_cicada
Generation: 3,"Parent_1: (nimble_sheep, 5)","Parent_2: (viridian_chupacabra, 6)",New_Individual: accurate_collie
Generation: 3,"Parent_1: (viridian_chupacabra, 3)","Parent_2: (nimble_sheep, 9)",New_Individual: optimal_tiger
Generation: 3,"Parent_1: (nimble_sheep, 5)","Parent_2: (viridian_chupacabra, 4)",New_Individual: enthusiastic_raccoon
Generation: 3,"Parent_1: (viridian_chupacabra, 4)","Parent_2: (nimble_sheep, 10)",New_Individual: olivine_marmot
Generation: 3,"Parent_1: (nimble_sheep, 11)","Parent_2: (hospitable_spider, 5)",New_Individual: handsome_ara
Generation: 3,"Parent_1: (viridian_chupacabra, 3)","Parent_2: (hospitable_spider, 7)",New_Individual: copper_seriema
Generation: 3,"Parent_1: (nimble_sheep, 9)","Parent_2: (manipulative_beluga, 2)",New_Individual: aspiring_mustang
Generation: 3,"Parent_1: (nimble_sheep, 6)","Parent_2: (viridian_chupacabra, 4)",New_Individual: adorable_zebra
Generation: 3,"Parent_1: (nimble_sheep, 10)","Parent_2: (viridian_chupacabra, 6)",New_Individual: melodic_albatross
Generation: 3,"Parent_1: (viridian_chupacabra, 4)","Parent_2: (nimble_sheep, 10)",New_Individual: provocative_teal
Generation: 3,"Parent_1: (hospitable_spider, 8)","Parent_2: (manipulative_beluga, 5)",New_Individual: terrestrial_grasshopper
Generation: 3,"Parent_1: (nimble_sheep, 5)","Parent_2: (hospitable_spider, 12)",New_Individual: important_armadillo
Generation: 3,"Parent_1: (nimble_sheep, 9)","Parent_2: (viridian_chupacabra, 4)",New_Individual: wondrous_jackal
Generation: 3,"Parent_1: (nimble_sheep, 5)","Parent_2: (hospitable_spider, 7)",New_Individual: tacky_ara
Generation: 3,"Parent_1: (hospitable_spider, 9)","Parent_2: (viridian_chupacabra, 7)",New_Individual: eggplant_donkey
Generation: 3,"Parent_1: (nimble_sheep, 10)","Parent_2: (viridian_chupacabra, 7)",New_Individual: observant_jaguar
Generation: 3,"Parent_1: (nimble_sheep, 11)","Parent_2: (hospitable_spider, 7)",New_Individual: gentle_skunk
Generation: 3,"Parent_1: (viridian_chupacabra, 3)","Parent_2: (nimble_sheep, 7)",New_Individual: jovial_ladybug
Generation: 3,"Parent_1: (manipulative_beluga, 8)","Parent_2: (viridian_chupacabra, 7)",New_Individual: illustrious_jackrabbit
Generation: 4,"Parent_1: (eggplant_donkey, 7)","Parent_2: (observant_jaguar, 6)",New_Individual: optimistic_oriole
Generation: 4,"Parent_1: (enthusiastic_raccoon, 5)","Parent_2: (eggplant_donkey, 9)",New_Individual: faithful_elk
Generation: 4,"Parent_1: (enthusiastic_raccoon, 7)","Parent_2: (eggplant_donkey, 2)",New_Individual: qualified_kingfisher
Generation: 4,"Parent_1: (enthusiastic_raccoon, 7)","Parent_2: (eggplant_donkey, 2)",New_Individual: active_saluki
Generation: 4,"Parent_1: (enthusiastic_raccoon, 6)","Parent_2: (observant_jaguar, 6)",New_Individual: hypersonic_barracuda
Generation: 4,"Parent_1: (observant_jaguar, 6)","Parent_2: (eggplant_donkey, 11)",New_Individual: polar_elk
Generation: 4,"Parent_1: (eggplant_donkey, 5)","Parent_2: (enthusiastic_raccoon, 7)",New_Individual: ancient_ocelot
Generation: 4,"Parent_1: (observant_jaguar, 11)","Parent_2: (gentle_skunk, 14)",New_Individual: loyal_mastodon
Generation: 4,"Parent_1: (eggplant_donkey, 2)","Parent_2: (observant_jaguar, 10)",New_Individual: puzzling_hedgehog
Generation: 4,"Parent_1: (enthusiastic_raccoon, 7)","Parent_2: (observant_jaguar, 6)",New_Individual: stalwart_rat
Generation: 4,"Parent_1: (eggplant_donkey, 7)","Parent_2: (enthusiastic_raccoon, 7)",New_Individual: brilliant_aardwark
Generation: 4,"Parent_1: (eggplant_donkey, 6)","Parent_2: (observant_jaguar, 10)",New_Individual: space_buffalo
Generation: 4,"Parent_1: (gentle_skunk, 13)","Parent_2: (eggplant_donkey, 3)",New_Individual: invisible_lizard
Generation: 4,"Parent_1: (eggplant_donkey, 6)","Parent_2: (enthusiastic_raccoon, 6)",New_Individual: portable_jackdaw
Generation: 4,"Parent_1: (enthusiastic_raccoon, 8)","Parent_2: (eggplant_donkey, 11)",New_Individual: quaint_turtle
Generation: 4,"Parent_1: (gentle_skunk, 12)","Parent_2: (eggplant_donkey, 7)",New_Individual: pumpkin_chipmunk
Generation: 4,"Parent_1: (eggplant_donkey, 1)","Parent_2: (observant_jaguar, 7)",New_Individual: statuesque_tortoise
Generation: 4,"Parent_1: (enthusiastic_raccoon, 9)","Parent_2: (eggplant_donkey, 2)",New_Individual: copper_civet
Generation: 4,"Parent_1: (enthusiastic_raccoon, 5)","Parent_2: (observant_jaguar, 6)",New_Individual: refined_ermine
Generation: 4,"Parent_1: (gentle_skunk, 16)","Parent_2: (eggplant_donkey, 3)",New_Individual: solid_wapiti
Generation: 5,"Parent_1: (brilliant_aardwark, 1)","Parent_2: (portable_jackdaw, 7)",New_Individual: tangerine_cockle
Generation: 5,"Parent_1: (brilliant_aardwark, 3)","Parent_2: (portable_jackdaw, 9)",New_Individual: cyan_ermine
Generation: 5,"Parent_1: (optimistic_oriole, 1)","Parent_2: (brilliant_aardwark, 10)",New_Individual: smoky_swift
Generation: 5,"Parent_1: (brilliant_aardwark, 4)","Parent_2: (portable_jackdaw, 5)",New_Individual: merry_beetle
Generation: 5,"Parent_1: (portable_jackdaw, 10)","Parent_2: (optimistic_oriole, 10)",New_Individual: laughing_binturong
Generation: 5,"Parent_1: (portable_jackdaw, 2)","Parent_2: (quaint_turtle, 7)",New_Individual: majestic_wolf
Generation: 5,"Parent_1: (brilliant_aardwark, 1)","Parent_2: (portable_jackdaw, 8)",New_Individual: modest_bull
Generation: 5,"Parent_1: (quaint_turtle, 5)","Parent_2: (optimistic_oriole, 9)",New_Individual: tourmaline_pogona
Generation: 5,"Parent_1: (brilliant_aardwark, 7)","Parent_2: (quaint_turtle, 8)",New_Individual: nifty_lorikeet
Generation: 5,"Parent_1: (portable_jackdaw, 1)","Parent_2: (quaint_turtle, 6)",New_Individual: neat_lori
Generation: 5,"Parent_1: (brilliant_aardwark, 6)","Parent_2: (portable_jackdaw, 2)",New_Individual: famous_dogfish
Generation: 5,"Parent_1: (brilliant_aardwark, 3)","Parent_2: (optimistic_oriole, 5)",New_Individual: cerise_shrimp
Generation: 5,"Parent_1: (brilliant_aardwark, 3)","Parent_2: (portable_jackdaw, 2)",New_Individual: marvellous_rattlesnake
Generation: 5,"Parent_1: (brilliant_aardwark, 6)","Parent_2: (portable_jackdaw, 3)",New_Individual: smart_poodle
Generation: 5,"Parent_1: (brilliant_aardwark, 4)","Parent_2: (portable_jackdaw, 2)",New_Individual: wine_orca
Generation: 5,"Parent_1: (optimistic_oriole, 6)","Parent_2: (brilliant_aardwark, 2)",New_Individual: victorious_swift
Generation: 5,"Parent_1: (portable_jackdaw, 8)","Parent_2: (brilliant_aardwark, 7)",New_Individual: electric_nyala
Generation: 5,"Parent_1: (optimistic_oriole, 5)","Parent_2: (brilliant_aardwark, 6)",New_Individual: exuberant_snail
Generation: 5,"Parent_1: (brilliant_aardwark, 1)","Parent_2: (quaint_turtle, 8)",New_Individual: banana_bat
Generation: 5,"Parent_1: (brilliant_aardwark, 9)","Parent_2: (portable_jackdaw, 9)",New_Individual: satisfied_cow
Generation: 6,"Parent_1: (laughing_binturong, 7)","Parent_2: (exuberant_snail, 5)",New_Individual: wooden_bear
Generation: 6,"Parent_1: (exuberant_snail, 3)","Parent_2: (nifty_lorikeet, 2)",New_Individual: offbeat_gazelle
Generation: 6,"Parent_1: (nifty_lorikeet, 5)","Parent_2: (laughing_binturong, 10)",New_Individual: conscious_muskox
Generation: 6,"Parent_1: (exuberant_snail, 4)","Parent_2: (nifty_lorikeet, 7)",New_Individual: thick_wren
Generation: 6,"Parent_1: (nifty_lorikeet, 7)","Parent_2: (laughing_binturong, 14)",New_Individual: smart_chicken
Generation: 6,"Parent_1: (laughing_binturong, 6)","Parent_2: (nifty_lorikeet, 6)",New_Individual: quick_asp
Generation: 6,"Parent_1: (nifty_lorikeet, 8)","Parent_2: (exuberant_snail, 9)",New_Individual: cheerful_kagu
Generation: 6,"Parent_1: (satisfied_cow, 8)","Parent_2: (laughing_binturong, 10)",New_Individual: rebel_impala
Generation: 6,"Parent_1: (nifty_lorikeet, 7)","Parent_2: (exuberant_snail, 10)",New_Individual: stoic_jacamar
Generation: 6,"Parent_1: (laughing_binturong, 11)","Parent_2: (nifty_lorikeet, 6)",New_Individual: spiked_grebe
Generation: 6,"Parent_1: (satisfied_cow, 1)","Parent_2: (nifty_lorikeet, 2)",New_Individual: qualified_fox
Generation: 6,"Parent_1: (nifty_lorikeet, 2)","Parent_2: (laughing_binturong, 5)",New_Individual: heretic_grebe
Generation: 6,"Parent_1: (nifty_lorikeet, 3)","Parent_2: (exuberant_snail, 4)",New_Individual: knowing_ibex
Generation: 6,"Parent_1: (nifty_lorikeet, 3)","Parent_2: (exuberant_snail, 2)",New_Individual: marvellous_marmoset
Generation: 6,"Parent_1: (satisfied_cow, 10)","Parent_2: (nifty_lorikeet, 8)",New_Individual: vengeful_oxpecker
Generation: 6,"Parent_1: (nifty_lorikeet, 6)","Parent_2: (laughing_binturong, 6)",New_Individual: powerful_porcupine
Generation: 6,"Parent_1: (laughing_binturong, 14)","Parent_2: (nifty_lorikeet, 7)",New_Individual: smiling_bull
Generation: 6,"Parent_1: (exuberant_snail, 10)","Parent_2: (laughing_binturong, 4)",New_Individual: real_seriema
Generation: 6,"Parent_1: (exuberant_snail, 6)","Parent_2: (laughing_binturong, 7)",New_Individual: prophetic_tiger
Generation: 6,"Parent_1: (satisfied_cow, 5)","Parent_2: (nifty_lorikeet, 5)",New_Individual: unbiased_mastiff
Generation: 7,"Parent_1: (quick_asp, 1)","Parent_2: (wooden_bear, 8)",New_Individual: silent_avocet
Generation: 7,"Parent_1: (wooden_bear, 2)","Parent_2: (cheerful_kagu, 7)",New_Individual: hallowed_meerkat
Generation: 7,"Parent_1: (wooden_bear, 7)","Parent_2: (knowing_ibex, 2)",New_Individual: illegal_frog
Generation: 7,"Parent_1: (knowing_ibex, 6)","Parent_2: (quick_asp, 9)",New_Individual: classy_llama
Generation: 7,"Parent_1: (knowing_ibex, 9)","Parent_2: (cheerful_kagu, 3)",New_Individual: loud_oyster
Generation: 7,"Parent_1: (wooden_bear, 5)","Parent_2: (cheerful_kagu, 7)",New_Individual: ingenious_mackerel
Generation: 7,"Parent_1: (cheerful_kagu, 3)","Parent_2: (wooden_bear, 2)",New_Individual: qualified_manul
Generation: 7,"Parent_1: (cheerful_kagu, 5)","Parent_2: (wooden_bear, 10)",New_Individual: logical_beluga
Generation: 7,"Parent_1: (quick_asp, 3)","Parent_2: (wooden_bear, 11)",New_Individual: antique_gaur
Generation: 7,"Parent_1: (knowing_ibex, 6)","Parent_2: (wooden_bear, 12)",New_Individual: encouraging_goshawk
Generation: 7,"Parent_1: (wooden_bear, 5)","Parent_2: (knowing_ibex, 6)",New_Individual: nimble_nightingale
Generation: 7,"Parent_1: (knowing_ibex, 8)","Parent_2: (wooden_bear, 7)",New_Individual: mutant_crane
Generation: 7,"Parent_1: (quick_asp, 4)","Parent_2: (knowing_ibex, 7)",New_Individual: chocolate_caribou
Generation: 7,"Parent_1: (wooden_bear, 1)","Parent_2: (quick_asp, 5)",New_Individual: rose_gazelle
Generation: 7,"Parent_1: (knowing_ibex, 8)","Parent_2: (wooden_bear, 6)",New_Individual: scarlet_tapir
Generation: 7,"Parent_1: (knowing_ibex, 8)","Parent_2: (wooden_bear, 2)",New_Individual: hospitable_millipede
Generation: 7,"Parent_1: (wooden_bear, 6)","Parent_2: (quick_asp, 7)",New_Individual: burgundy_petrel
Generation: 7,"Parent_1: (cheerful_kagu, 4)","Parent_2: (wooden_bear, 5)",New_Individual: hysterical_hog
Generation: 7,"Parent_1: (wooden_bear, 3)","Parent_2: (cheerful_kagu, 8)",New_Individual: straight_mammoth
Generation: 7,"Parent_1: (knowing_ibex, 8)","Parent_2: (wooden_bear, 12)",New_Individual: cyber_starfish
Generation: 8,"Parent_1: (illegal_frog, 3)","Parent_2: (nimble_nightingale, 9)",New_Individual: pearl_swift
Generation: 8,"Parent_1: (cyber_starfish, 8)","Parent_2: (illegal_frog, 10)",New_Individual: colorful_corgi
Generation: 8,"Parent_1: (cyber_starfish, 4)","Parent_2: (nimble_nightingale, 11)",New_Individual: small_puffin
Generation: 8,"Parent_1: (cyber_starfish, 4)","Parent_2: (nimble_nightingale, 4)",New_Individual: natural_alpaca
Generation: 8,"Parent_1: (cyber_starfish, 7)","Parent_2: (illegal_frog, 12)",New_Individual: vengeful_raptor
Generation: 8,"Parent_1: (nimble_nightingale, 9)","Parent_2: (cyber_starfish, 7)",New_Individual: adaptable_monkey
Generation: 8,"Parent_1: (cyber_starfish, 9)","Parent_2: (illegal_frog, 15)",New_Individual: simple_anaconda
Generation: 8,"Parent_1: (illegal_frog, 14)","Parent_2: (hysterical_hog, 12)",New_Individual: prehistoric_crow
Generation: 8,"Parent_1: (cyber_starfish, 4)","Parent_2: (illegal_frog, 17)",New_Individual: charcoal_ladybug
Generation: 8,"Parent_1: (hysterical_hog, 3)","Parent_2: (illegal_frog, 10)",New_Individual: abstract_pegasus
Generation: 8,"Parent_1: (cyber_starfish, 3)","Parent_2: (nimble_nightingale, 10)",New_Individual: impartial_quokka
Generation: 8,"Parent_1: (nimble_nightingale, 5)","Parent_2: (cyber_starfish, 4)",New_Individual: liberal_porcupine
Generation: 8,"Parent_1: (nimble_nightingale, 1)","Parent_2: (illegal_frog, 11)",New_Individual: evasive_bumblebee
Generation: 8,"Parent_1: (cyber_starfish, 9)","Parent_2: (nimble_nightingale, 10)",New_Individual: industrious_manul
Generation: 8,"Parent_1: (cyber_starfish, 6)","Parent_2: (hysterical_hog, 11)",New_Individual: spry_kestrel
Generation: 8,"Parent_1: (illegal_frog, 12)","Parent_2: (cyber_starfish, 3)",New_Individual: massive_skunk
Generation: 8,"Parent_1: (nimble_nightingale, 6)","Parent_2: (hysterical_hog, 8)",New_Individual: calculating_shellfish
Generation: 8,"Parent_1: (cyber_starfish, 7)","Parent_2: (illegal_frog, 8)",New_Individual: futuristic_pheasant
Generation: 8,"Parent_1: (cyber_starfish, 8)","Parent_2: (nimble_nightingale, 11)",New_Individual: tiny_agouti
Generation: 8,"Parent_1: (illegal_frog, 11)","Parent_2: (cyber_starfish, 3)",New_Individual: acoustic_shrew
Generation: 9,"Parent_1: (spry_kestrel, 7)","Parent_2: (industrious_manul, 6)",New_Individual: curvy_puma
Generation: 9,"Parent_1: (calculating_shellfish, 6)","Parent_2: (industrious_manul, 4)",New_Individual: natural_crow
Generation: 9,"Parent_1: (industrious_manul, 12)","Parent_2: (tiny_agouti, 7)",New_Individual: dark_sawfly
Generation: 9,"Parent_1: (spry_kestrel, 3)","Parent_2: (industrious_manul, 5)",New_Individual: micro_axolotl
Generation: 9,"Parent_1: (tiny_agouti, 4)","Parent_2: (spry_kestrel, 8)",New_Individual: prompt_muskrat
Generation: 9,"Parent_1: (spry_kestrel, 6)","Parent_2: (tiny_agouti, 7)",New_Individual: lively_bee
Generation: 9,"Parent_1: (calculating_shellfish, 6)","Parent_2: (industrious_manul, 11)",New_Individual: happy_mayfly
Generation: 9,"Parent_1: (spry_kestrel, 5)","Parent_2: (industrious_manul, 4)",New_Individual: flying_zebu
Generation: 9,"Parent_1: (industrious_manul, 4)","Parent_2: (tiny_agouti, 4)",New_Individual: gainful_mosquito
Generation: 9,"Parent_1: (spry_kestrel, 8)","Parent_2: (tiny_agouti, 2)",New_Individual: russet_wombat
Generation: 9,"Parent_1: (industrious_manul, 1)","Parent_2: (calculating_shellfish, 6)",New_Individual: mahogany_sawfly
Generation: 9,"Parent_1: (spry_kestrel, 10)","Parent_2: (industrious_manul, 6)",New_Individual: glossy_piculet
Generation: 9,"Parent_1: (industrious_manul, 3)","Parent_2: (spry_kestrel, 4)",New_Individual: cobalt_mouflon
Generation: 9,"Parent_1: (industrious_manul, 9)","Parent_2: (tiny_agouti, 7)",New_Individual: persimmon_teal
Generation: 9,"Parent_1: (industrious_manul, 6)","Parent_2: (tiny_agouti, 4)",New_Individual: happy_spider
Generation: 9,"Parent_1: (spry_kestrel, 1)","Parent_2: (tiny_agouti, 6)",New_Individual: striped_duck
Generation: 9,"Parent_1: (calculating_shellfish, 1)","Parent_2: (spry_kestrel, 10)",New_Individual: wonderful_grouse
Generation: 9,"Parent_1: (spry_kestrel, 6)","Parent_2: (tiny_agouti, 4)",New_Individual: clay_poodle
Generation: 9,"Parent_1: (tiny_agouti, 6)","Parent_2: (spry_kestrel, 2)",New_Individual: shaggy_macaw
Generation: 9,"Parent_1: (industrious_manul, 2)","Parent_2: (spry_kestrel, 5)",New_Individual: finicky_spoonbill
Generation: 10,"Parent_1: (cobalt_mouflon, 10)","Parent_2: (happy_spider, 3)",New_Individual: energetic_turtle
Generation: 10,"Parent_1: (lively_bee, 5)","Parent_2: (happy_spider, 9)",New_Individual: tangerine_polecat
Generation: 10,"Parent_1: (lively_bee, 5)","Parent_2: (gainful_mosquito, 2)",New_Individual: gleaming_fennec
Generation: 10,"Parent_1: (lively_bee, 1)","Parent_2: (gainful_mosquito, 3)",New_Individual: uptight_seriema
Generation: 10,"Parent_1: (cobalt_mouflon, 9)","Parent_2: (gainful_mosquito, 7)",New_Individual: red_yak
Generation: 10,"Parent_1: (gainful_mosquito, 2)","Parent_2: (cobalt_mouflon, 7)",New_Individual: spiked_tamarin
Generation: 10,"Parent_1: (happy_spider, 10)","Parent_2: (lively_bee, 3)",New_Individual: curious_grouse
Generation: 10,"Parent_1: (gainful_mosquito, 7)","Parent_2: (cobalt_mouflon, 4)",New_Individual: tomato_mosquito
Generation: 10,"Parent_1: (gainful_mosquito, 4)","Parent_2: (happy_spider, 8)",New_Individual: amethyst_carp
Generation: 10,"Parent_1: (lively_bee, 5)","Parent_2: (cobalt_mouflon, 3)",New_Individual: powerful_ocelot
Generation: 10,"Parent_1: (happy_spider, 11)","Parent_2: (cobalt_mouflon, 9)",New_Individual: feathered_bullmastiff
Generation: 10,"Parent_1: (gainful_mosquito, 6)","Parent_2: (cobalt_mouflon, 7)",New_Individual: amber_cricket
Generation: 10,"Parent_1: (gainful_mosquito, 5)","Parent_2: (happy_spider, 8)",New_Individual: witty_viper
Generation: 10,"Parent_1: (gainful_mosquito, 10)","Parent_2: (cobalt_mouflon, 2)",New_Individual: neat_parakeet
Generation: 10,"Parent_1: (lively_bee, 8)","Parent_2: (gainful_mosquito, 6)",New_Individual: fancy_boar
Generation: 10,"Parent_1: (cobalt_mouflon, 2)","Parent_2: (gainful_mosquito, 7)",New_Individual: lovely_okapi
Generation: 10,"Parent_1: (gainful_mosquito, 10)","Parent_2: (cobalt_mouflon, 8)",New_Individual: amber_tarsier
Generation: 10,"Parent_1: (gainful_mosquito, 2)","Parent_2: (cobalt_mouflon, 7)",New_Individual: natural_stoat
Generation: 10,"Parent_1: (gainful_mosquito, 7)","Parent_2: (cobalt_mouflon, 8)",New_Individual: jade_badger
Generation: 10,"Parent_1: (gainful_mosquito, 3)","Parent_2: (lively_bee, 2)",New_Individual: brass_oarfish
Generation: 11,"Parent_1: (amber_cricket, 2)","Parent_2: (tomato_mosquito, 12)",New_Individual: inventive_impala
Generation: 11,"Parent_1: (tomato_mosquito, 12)","Parent_2: (amber_tarsier, 4)",New_Individual: grinning_mink
Generation: 11,"Parent_1: (amber_cricket, 1)","Parent_2: (uptight_seriema, 6)",New_Individual: caped_reindeer
Generation: 11,"Parent_1: (amber_tarsier, 6)","Parent_2: (tomato_mosquito, 13)",New_Individual: bright_mammoth
Generation: 11,"Parent_1: (tomato_mosquito, 1)","Parent_2: (uptight_seriema, 6)",New_Individual: orthodox_centipede
Generation: 11,"Parent_1: (uptight_seriema, 10)","Parent_2: (amber_cricket, 7)",New_Individual: naughty_nyala
Generation: 11,"Parent_1: (amber_cricket, 7)","Parent_2: (uptight_seriema, 6)",New_Individual: violet_clam
Generation: 11,"Parent_1: (amber_cricket, 4)","Parent_2: (tomato_mosquito, 14)",New_Individual: monumental_caiman
Generation: 11,"Parent_1: (tomato_mosquito, 14)","Parent_2: (uptight_seriema, 3)",New_Individual: hulking_dormouse
Generation: 11,"Parent_1: (uptight_seriema, 6)","Parent_2: (amber_tarsier, 3)",New_Individual: sophisticated_beaver
Generation: 11,"Parent_1: (uptight_seriema, 8)","Parent_2: (amber_tarsier, 13)",New_Individual: ambitious_bear
Generation: 11,"Parent_1: (uptight_seriema, 6)","Parent_2: (amber_cricket, 4)",New_Individual: outrageous_mouse
Generation: 11,"Parent_1: (uptight_seriema, 7)","Parent_2: (amber_cricket, 6)",New_Individual: victorious_hippo
Generation: 11,"Parent_1: (tomato_mosquito, 7)","Parent_2: (amber_tarsier, 8)",New_Individual: wise_mammoth
Generation: 11,"Parent_1: (amber_cricket, 1)","Parent_2: (uptight_seriema, 2)",New_Individual: cryptic_grasshopper
Generation: 11,"Parent_1: (amber_tarsier, 10)","Parent_2: (uptight_seriema, 5)",New_Individual: feathered_potoo
Generation: 11,"Parent_1: (amber_cricket, 4)","Parent_2: (tomato_mosquito, 11)",New_Individual: orange_chinchilla
Generation: 11,"Parent_1: (tomato_mosquito, 5)","Parent_2: (amber_cricket, 7)",New_Individual: arboreal_teal
Generation: 11,"Parent_1: (tomato_mosquito, 14)","Parent_2: (amber_cricket, 3)",New_Individual: nickel_kittiwake
Generation: 11,"Parent_1: (amber_cricket, 3)","Parent_2: (tomato_mosquito, 9)",New_Individual: ultramarine_toucanet
Generation: 12,"Parent_1: (outrageous_mouse, 2)","Parent_2: (violet_clam, 6)",New_Individual: positive_mantis
Generation: 12,"Parent_1: (violet_clam, 8)","Parent_2: (outrageous_mouse, 5)",New_Individual: feathered_marmot
Generation: 12,"Parent_1: (violet_clam, 5)","Parent_2: (cryptic_grasshopper, 3)",New_Individual: cordial_lori
Generation: 12,"Parent_1: (cryptic_grasshopper, 8)","Parent_2: (violet_clam, 5)",New_Individual: kind_dingo
Generation: 12,"Parent_1: (naughty_nyala, 4)","Parent_2: (cryptic_grasshopper, 3)",New_Individual: ethereal_gibbon
Generation: 12,"Parent_1: (outrageous_mouse, 1)","Parent_2: (naughty_nyala, 8)",New_Individual: omniscient_cormorant
Generation: 12,"Parent_1: (outrageous_mouse, 7)","Parent_2: (violet_clam, 5)",New_Individual: hilarious_catfish
Generation: 12,"Parent_1: (outrageous_mouse, 11)","Parent_2: (cryptic_grasshopper, 6)",New_Individual: caped_binturong
Generation: 12,"Parent_1: (naughty_nyala, 3)","Parent_2: (cryptic_grasshopper, 7)",New_Individual: cerulean_eagle
Generation: 12,"Parent_1: (violet_clam, 5)","Parent_2: (outrageous_mouse, 5)",New_Individual: sapphire_crab
Generation: 12,"Parent_1: (outrageous_mouse, 3)","Parent_2: (violet_clam, 5)",New_Individual: fair_markhor
Generation: 12,"Parent_1: (violet_clam, 10)","Parent_2: (outrageous_mouse, 5)",New_Individual: super_jackdaw
Generation: 12,"Parent_1: (violet_clam, 11)","Parent_2: (outrageous_mouse, 9)",New_Individual: proficient_rabbit
Generation: 12,"Parent_1: (outrageous_mouse, 10)","Parent_2: (naughty_nyala, 11)",New_Individual: thankful_alpaca
Generation: 12,"Parent_1: (violet_clam, 11)","Parent_2: (outrageous_mouse, 5)",New_Individual: ancient_lionfish
Generation: 12,"Parent_1: (outrageous_mouse, 8)","Parent_2: (violet_clam, 5)",New_Individual: gentle_crow
Generation: 12,"Parent_1: (violet_clam, 2)","Parent_2: (outrageous_mouse, 8)",New_Individual: burrowing_coua
Generation: 12,"Parent_1: (outrageous_mouse, 8)","Parent_2: (violet_clam, 7)",New_Individual: coral_salmon
Generation: 12,"Parent_1: (cryptic_grasshopper, 10)","Parent_2: (violet_clam, 4)",New_Individual: placid_boa
Generation: 12,"Parent_1: (violet_clam, 4)","Parent_2: (naughty_nyala, 11)",New_Individual: mauve_caracal
Generation: 13,"Parent_1: (gentle_crow, 1)","Parent_2: (coral_salmon, 10)",New_Individual: orchid_earwig
Generation: 13,"Parent_1: (hilarious_catfish, 7)","Parent_2: (proficient_rabbit, 13)",New_Individual: super_viper
Generation: 13,"Parent_1: (coral_salmon, 1)","Parent_2: (proficient_rabbit, 3)",New_Individual: peridot_parrot
Generation: 13,"Parent_1: (gentle_crow, 12)","Parent_2: (proficient_rabbit, 11)",New_Individual: auburn_cockle
Generation: 13,"Parent_1: (gentle_crow, 5)","Parent_2: (coral_salmon, 8)",New_Individual: dangerous_serval
Generation: 13,"Parent_1: (proficient_rabbit, 9)","Parent_2: (gentle_crow, 3)",New_Individual: pink_chicken
Generation: 13,"Parent_1: (coral_salmon, 9)","Parent_2: (proficient_rabbit, 8)",New_Individual: benign_serval
Generation: 13,"Parent_1: (gentle_crow, 8)","Parent_2: (proficient_rabbit, 5)",New_Individual: lemon_capybara
Generation: 13,"Parent_1: (proficient_rabbit, 1)","Parent_2: (coral_salmon, 11)",New_Individual: black_tanuki
Generation: 13,"Parent_1: (gentle_crow, 1)","Parent_2: (coral_salmon, 9)",New_Individual: mottled_kiwi
Generation: 13,"Parent_1: (coral_salmon, 5)","Parent_2: (gentle_crow, 13)",New_Individual: towering_crocodile
Generation: 13,"Parent_1: (proficient_rabbit, 12)","Parent_2: (gentle_crow, 8)",New_Individual: nocturnal_mouse
Generation: 13,"Parent_1: (proficient_rabbit, 5)","Parent_2: (gentle_crow, 10)",New_Individual: poetic_binturong
Generation: 13,"Parent_1: (proficient_rabbit, 14)","Parent_2: (gentle_crow, 9)",New_Individual: shiny_guppy
Generation: 13,"Parent_1: (proficient_rabbit, 6)","Parent_2: (coral_salmon, 11)",New_Individual: sticky_mustang
Generation: 13,"Parent_1: (coral_salmon, 3)","Parent_2: (gentle_crow, 6)",New_Individual: graceful_hornet
Generation: 13,"Parent_1: (gentle_crow, 9)","Parent_2: (proficient_rabbit, 12)",New_Individual: true_hare
Generation: 13,"Parent_1: (coral_salmon, 2)","Parent_2: (gentle_crow, 3)",New_Individual: greedy_swine
Generation: 13,"Parent_1: (coral_salmon, 3)","Parent_2: (hilarious_catfish, 10)",New_Individual: nickel_uakari
Generation: 13,"Parent_1: (gentle_crow, 3)","Parent_2: (coral_salmon, 2)",New_Individual: pink_hedgehog
Generation: 14,"Parent_1: (greedy_swine, 1)","Parent_2: (benign_serval, 12)",New_Individual: tireless_firefly
Generation: 14,"Parent_1: (true_hare, 10)","Parent_2: (sticky_mustang, 4)",New_Individual: unnatural_seagull
Generation: 14,"Parent_1: (benign_serval, 3)","Parent_2: (sticky_mustang, 10)",New_Individual: lovely_avocet
Generation: 14,"Parent_1: (benign_serval, 9)","Parent_2: (true_hare, 10)",New_Individual: athletic_finch
Generation: 14,"Parent_1: (greedy_swine, 1)","Parent_2: (benign_serval, 12)",New_Individual: artichoke_agouti
Generation: 14,"Parent_1: (greedy_swine, 6)","Parent_2: (true_hare, 6)",New_Individual: logical_bittern
Generation: 14,"Parent_1: (true_hare, 3)","Parent_2: (greedy_swine, 9)",New_Individual: messy_stork
Generation: 14,"Parent_1: (greedy_swine, 13)","Parent_2: (benign_serval, 3)",New_Individual: quixotic_jackrabbit
Generation: 14,"Parent_1: (greedy_swine, 10)","Parent_2: (sticky_mustang, 6)",New_Individual: enthusiastic_trogon
Generation: 14,"Parent_1: (benign_serval, 15)","Parent_2: (greedy_swine, 4)",New_Individual: impossible_quokka
Generation: 14,"Parent_1: (benign_serval, 17)","Parent_2: (true_hare, 10)",New_Individual: juicy_camel
Generation: 14,"Parent_1: (sticky_mustang, 2)","Parent_2: (benign_serval, 9)",New_Individual: classic_boa
Generation: 14,"Parent_1: (greedy_swine, 12)","Parent_2: (sticky_mustang, 4)",New_Individual: fascinating_tarantula
Generation: 14,"Parent_1: (true_hare, 11)","Parent_2: (greedy_swine, 13)",New_Individual: subtle_sunfish
Generation: 14,"Parent_1: (true_hare, 5)","Parent_2: (greedy_swine, 2)",New_Individual: nostalgic_whale
Generation: 14,"Parent_1: (benign_serval, 15)","Parent_2: (greedy_swine, 15)",New_Individual: spiffy_limpet
Generation: 14,"Parent_1: (true_hare, 9)","Parent_2: (greedy_swine, 10)",New_Individual: glaring_booby
Generation: 14,"Parent_1: (benign_serval, 5)","Parent_2: (greedy_swine, 3)",New_Individual: tentacled_antelope
Generation: 14,"Parent_1: (sticky_mustang, 2)","Parent_2: (true_hare, 2)",New_Individual: independent_vole
Generation: 14,"Parent_1: (sticky_mustang, 8)","Parent_2: (greedy_swine, 13)",New_Individual: intrepid_coucal
Generation: 15,"Parent_1: (nostalgic_whale, 16)","Parent_2: (independent_vole, 2)",New_Individual: misty_dinosaur
Generation: 15,"Parent_1: (nostalgic_whale, 11)","Parent_2: (independent_vole, 10)",New_Individual: translucent_tuatara
Generation: 15,"Parent_1: (nostalgic_whale, 17)","Parent_2: (independent_vole, 13)",New_Individual: fiery_chihuahua
Generation: 15,"Parent_1: (independent_vole, 9)","Parent_2: (nostalgic_whale, 15)",New_Individual: cyber_cuscus
Generation: 15,"Parent_1: (nostalgic_whale, 2)","Parent_2: (independent_vole, 11)",New_Individual: airborne_tamarin
Generation: 15,"Parent_1: (nostalgic_whale, 15)","Parent_2: (independent_vole, 7)",New_Individual: turquoise_wren
Generation: 15,"Parent_1: (nostalgic_whale, 9)","Parent_2: (glaring_booby, 13)",New_Individual: witty_ocelot
Generation: 15,"Parent_1: (glaring_booby, 5)","Parent_2: (nostalgic_whale, 6)",New_Individual: arcane_sturgeon
Generation: 15,"Parent_1: (nostalgic_whale, 15)","Parent_2: (enthusiastic_trogon, 10)",New_Individual: lavender_echidna
Generation: 15,"Parent_1: (glaring_booby, 3)","Parent_2: (independent_vole, 4)",New_Individual: onyx_wolverine
Generation: 15,"Parent_1: (independent_vole, 4)","Parent_2: (nostalgic_whale, 13)",New_Individual: steel_dragonfly
Generation: 15,"Parent_1: (independent_vole, 9)","Parent_2: (nostalgic_whale, 8)",New_Individual: uptight_coot
Generation: 15,"Parent_1: (glaring_booby, 8)","Parent_2: (independent_vole, 11)",New_Individual: yellow_porcupine
Generation: 15,"Parent_1: (independent_vole, 10)","Parent_2: (enthusiastic_trogon, 9)",New_Individual: tacky_caiman
Generation: 15,"Parent_1: (nostalgic_whale, 9)","Parent_2: (independent_vole, 3)",New_Individual: natural_adder
Generation: 15,"Parent_1: (nostalgic_whale, 13)","Parent_2: (independent_vole, 5)",New_Individual: adamant_hummingbird
Generation: 15,"Parent_1: (glaring_booby, 12)","Parent_2: (nostalgic_whale, 17)",New_Individual: sociable_eel
Generation: 15,"Parent_1: (independent_vole, 12)","Parent_2: (nostalgic_whale, 15)",New_Individual: frisky_jackal
Generation: 15,"Parent_1: (glaring_booby, 5)","Parent_2: (independent_vole, 7)",New_Individual: demonic_cuttlefish
Generation: 15,"Parent_1: (enthusiastic_trogon, 14)","Parent_2: (nostalgic_whale, 18)",New_Individual: fearless_dogfish
Generation: 16,"Parent_1: (translucent_tuatara, 4)","Parent_2: (demonic_cuttlefish, 10)",New_Individual: fractal_bullmastiff
Generation: 16,"Parent_1: (cyber_cuscus, 5)","Parent_2: (demonic_cuttlefish, 5)",New_Individual: fluffy_horse
Generation: 16,"Parent_1: (demonic_cuttlefish, 10)","Parent_2: (cyber_cuscus, 13)",New_Individual: truthful_mongrel
Generation: 16,"Parent_1: (natural_adder, 14)","Parent_2: (translucent_tuatara, 14)",New_Individual: astute_limpet
Generation: 16,"Parent_1: (cyber_cuscus, 13)","Parent_2: (demonic_cuttlefish, 2)",New_Individual: literate_meerkat
Generation: 16,"Parent_1: (cyber_cuscus, 8)","Parent_2: (demonic_cuttlefish, 5)",New_Individual: loyal_bullmastiff
Generation: 16,"Parent_1: (demonic_cuttlefish, 4)","Parent_2: (natural_adder, 9)",New_Individual: denim_agama
Generation: 16,"Parent_1: (demonic_cuttlefish, 10)","Parent_2: (cyber_cuscus, 2)",New_Individual: sociable_collie
Generation: 16,"Parent_1: (cyber_cuscus, 2)","Parent_2: (natural_adder, 16)",New_Individual: shrewd_fossa
Generation: 16,"Parent_1: (demonic_cuttlefish, 10)","Parent_2: (translucent_tuatara, 3)",New_Individual: prehistoric_lori
Generation: 16,"Parent_1: (natural_adder, 16)","Parent_2: (demonic_cuttlefish, 9)",New_Individual: hospitable_chachalaca
Generation: 16,"Parent_1: (demonic_cuttlefish, 3)","Parent_2: (cyber_cuscus, 7)",New_Individual: loutish_cow
Generation: 16,"Parent_1: (cyber_cuscus, 12)","Parent_2: (demonic_cuttlefish, 7)",New_Individual: ruby_potoo
Generation: 16,"Parent_1: (demonic_cuttlefish, 5)","Parent_2: (cyber_cuscus, 12)",New_Individual: black_zebra
Generation: 16,"Parent_1: (demonic_cuttlefish, 8)","Parent_2: (cyber_cuscus, 13)",New_Individual: celadon_caracara
Generation: 16,"Parent_1: (translucent_tuatara, 7)","Parent_2: (natural_adder, 4)",New_Individual: statuesque_wren
Generation: 16,"Parent_1: (cyber_cuscus, 3)","Parent_2: (demonic_cuttlefish, 2)",New_Individual: nippy_badger
Generation: 16,"Parent_1: (demonic_cuttlefish, 8)","Parent_2: (translucent_tuatara, 13)",New_Individual: godlike_cat
Generation: 16,"Parent_1: (natural_adder, 10)","Parent_2: (cyber_cuscus, 14)",New_Individual: positive_bee
Generation: 16,"Parent_1: (demonic_cuttlefish, 8)","Parent_2: (natural_adder, 10)",New_Individual: psychedelic_rabbit
Generation: 17,"Parent_1: (celadon_caracara, 1)","Parent_2: (ruby_potoo, 16)",New_Individual: festive_alligator
Generation: 17,"Parent_1: (ruby_potoo, 4)","Parent_2: (celadon_caracara, 9)",New_Individual: diamond_wildcat
Generation: 17,"Parent_1: (fluffy_horse, 1)","Parent_2: (ruby_potoo, 13)",New_Individual: jasper_avocet
Generation: 17,"Parent_1: (ruby_potoo, 15)","Parent_2: (celadon_caracara, 11)",New_Individual: marigold_boobook
Generation: 17,"Parent_1: (fluffy_horse, 1)","Parent_2: (ruby_potoo, 10)",New_Individual: upbeat_leopard
Generation: 17,"Parent_1: (ruby_potoo, 16)","Parent_2: (astute_limpet, 11)",New_Individual: crazy_limpet
Generation: 17,"Parent_1: (fluffy_horse, 11)","Parent_2: (ruby_potoo, 16)",New_Individual: rare_beluga
Generation: 17,"Parent_1: (ruby_potoo, 15)","Parent_2: (celadon_caracara, 6)",New_Individual: successful_raven
Generation: 17,"Parent_1: (ruby_potoo, 18)","Parent_2: (astute_limpet, 13)",New_Individual: discerning_bullfinch
Generation: 17,"Parent_1: (fluffy_horse, 10)","Parent_2: (ruby_potoo, 9)",New_Individual: auburn_toucan
Generation: 17,"Parent_1: (astute_limpet, 3)","Parent_2: (celadon_caracara, 6)",New_Individual: rose_terrier
Generation: 17,"Parent_1: (celadon_caracara, 6)","Parent_2: (astute_limpet, 2)",New_Individual: chubby_swine
Generation: 17,"Parent_1: (celadon_caracara, 6)","Parent_2: (astute_limpet, 10)",New_Individual: original_cow
Generation: 17,"Parent_1: (ruby_potoo, 16)","Parent_2: (astute_limpet, 14)",New_Individual: chubby_adder
Generation: 17,"Parent_1: (ruby_potoo, 15)","Parent_2: (celadon_caracara, 9)",New_Individual: accelerated_sawfish
Generation: 17,"Parent_1: (fluffy_horse, 5)","Parent_2: (ruby_potoo, 12)",New_Individual: tireless_shark
Generation: 17,"Parent_1: (astute_limpet, 14)","Parent_2: (ruby_potoo, 4)",New_Individual: discreet_lion
Generation: 17,"Parent_1: (fluffy_horse, 5)","Parent_2: (ruby_potoo, 6)",New_Individual: debonair_bettong
Generation: 17,"Parent_1: (celadon_caracara, 7)","Parent_2: (fluffy_horse, 9)",New_Individual: skinny_jerboa
Generation: 17,"Parent_1: (ruby_potoo, 12)","Parent_2: (fluffy_horse, 5)",New_Individual: mellow_bumblebee
Generation: 18,"Parent_1: (discerning_bullfinch, 13)","Parent_2: (accelerated_sawfish, 13)",New_Individual: convivial_owl
Generation: 18,"Parent_1: (discerning_bullfinch, 3)","Parent_2: (accelerated_sawfish, 14)",New_Individual: radical_boa
Generation: 18,"Parent_1: (chubby_adder, 6)","Parent_2: (accelerated_sawfish, 11)",New_Individual: shaggy_wildcat
Generation: 18,"Parent_1: (discerning_bullfinch, 6)","Parent_2: (chubby_adder, 8)",New_Individual: stirring_pelican
Generation: 18,"Parent_1: (discerning_bullfinch, 19)","Parent_2: (marigold_boobook, 6)",New_Individual: happy_orangutan
Generation: 18,"Parent_1: (chubby_adder, 1)","Parent_2: (marigold_boobook, 9)",New_Individual: heavenly_jackal
Generation: 18,"Parent_1: (discerning_bullfinch, 12)","Parent_2: (chubby_adder, 16)",New_Individual: wine_groundhog
Generation: 18,"Parent_1: (discerning_bullfinch, 19)","Parent_2: (marigold_boobook, 7)",New_Individual: stylish_oarfish
Generation: 18,"Parent_1: (accelerated_sawfish, 4)","Parent_2: (discerning_bullfinch, 16)",New_Individual: qualified_porpoise
Generation: 18,"Parent_1: (discerning_bullfinch, 3)","Parent_2: (marigold_boobook, 5)",New_Individual: bouncy_kakapo
Generation: 18,"Parent_1: (discerning_bullfinch, 8)","Parent_2: (accelerated_sawfish, 8)",New_Individual: elite_squirrel
Generation: 18,"Parent_1: (chubby_adder, 8)","Parent_2: (accelerated_sawfish, 12)",New_Individual: gray_penguin
Generation: 18,"Parent_1: (chubby_adder, 16)","Parent_2: (discerning_bullfinch, 10)",New_Individual: meticulous_jaguarundi
Generation: 18,"Parent_1: (chubby_adder, 17)","Parent_2: (marigold_boobook, 2)",New_Individual: uppish_grebe
Generation: 18,"Parent_1: (discerning_bullfinch, 12)","Parent_2: (accelerated_sawfish, 10)",New_Individual: mutant_mouse
Generation: 18,"Parent_1: (marigold_boobook, 11)","Parent_2: (accelerated_sawfish, 18)",New_Individual: chocolate_hoatzin
Generation: 18,"Parent_1: (accelerated_sawfish, 2)","Parent_2: (discerning_bullfinch, 2)",New_Individual: sassy_angelfish
Generation: 18,"Parent_1: (chubby_adder, 17)","Parent_2: (accelerated_sawfish, 12)",New_Individual: diligent_hare
Generation: 18,"Parent_1: (chubby_adder, 4)","Parent_2: (accelerated_sawfish, 15)",New_Individual: tough_bloodhound
Generation: 18,"Parent_1: (discerning_bullfinch, 8)","Parent_2: (accelerated_sawfish, 3)",New_Individual: zircon_tapir
Generation: 19,"Parent_1: (shaggy_wildcat, 12)","Parent_2: (zircon_tapir, 6)",New_Individual: persimmon_bumblebee
Generation: 19,"Parent_1: (chocolate_hoatzin, 13)","Parent_2: (zircon_tapir, 2)",New_Individual: clay_carp
Generation: 19,"Parent_1: (chocolate_hoatzin, 12)","Parent_2: (mutant_mouse, 12)",New_Individual: uber_squirrel
Generation: 19,"Parent_1: (chocolate_hoatzin, 13)","Parent_2: (mutant_mouse, 2)",New_Individual: russet_pegasus
Generation: 19,"Parent_1: (chocolate_hoatzin, 10)","Parent_2: (mutant_mouse, 9)",New_Individual: therapeutic_shark
Generation: 19,"Parent_1: (shaggy_wildcat, 12)","Parent_2: (chocolate_hoatzin, 5)",New_Individual: ambitious_partridge
Generation: 19,"Parent_1: (chocolate_hoatzin, 14)","Parent_2: (shaggy_wildcat, 7)",New_Individual: thick_cuscus
Generation: 19,"Parent_1: (mutant_mouse, 16)","Parent_2: (chocolate_hoatzin, 3)",New_Individual: scarlet_wolf
Generation: 19,"Parent_1: (shaggy_wildcat, 1)","Parent_2: (zircon_tapir, 20)",New_Individual: glorious_pug
Generation: 19,"Parent_1: (shaggy_wildcat, 4)","Parent_2: (chocolate_hoatzin, 6)",New_Individual: zealous_beetle
Generation: 19,"Parent_1: (shaggy_wildcat, 12)","Parent_2: (chocolate_hoatzin, 9)",New_Individual: vehement_newt
Generation: 19,"Parent_1: (mutant_mouse, 6)","Parent_2: (zircon_tapir, 6)",New_Individual: rampant_buzzard
Generation: 19,"Parent_1: (mutant_mouse, 1)","Parent_2: (zircon_tapir, 11)",New_Individual: impossible_caiman
Generation: 19,"Parent_1: (mutant_mouse, 10)","Parent_2: (chocolate_hoatzin, 2)",New_Individual: splendid_iguana
Generation: 19,"Parent_1: (chocolate_hoatzin, 7)","Parent_2: (zircon_tapir, 3)",New_Individual: phenomenal_axolotl
Generation: 19,"Parent_1: (mutant_mouse, 12)","Parent_2: (chocolate_hoatzin, 10)",New_Individual: umber_bear
Generation: 19,"Parent_1: (mutant_mouse, 19)","Parent_2: (chocolate_hoatzin, 3)",New_Individual: ebony_lobster
Generation: 19,"Parent_1: (chocolate_hoatzin, 9)","Parent_2: (zircon_tapir, 17)",New_Individual: aquamarine_rook
Generation: 19,"Parent_1: (chocolate_hoatzin, 11)","Parent_2: (mutant_mouse, 13)",New_Individual: ubiquitous_pug
Generation: 19,"Parent_1: (chocolate_hoatzin, 12)","Parent_2: (zircon_tapir, 17)",New_Individual: tomato_alpaca
